﻿pos_x,pos_y,rotation,side,designator,mpn,pack,footprint,value,mount_type
1.8,2.81,-90.0,top,C1,,,C_0805_2012Metric,22uF,smt
7.2,9.71,-90.0,top,C10,,,C_0805_2012Metric,22uF,smt
-23.2,4.46,-90.0,top,C11,,,C_0603_1608Metric,10uF,smt
-25.9,3.76,0.0,top,C12,,,C_0603_1608Metric,10uF,smt
-22.775,23.81,180.0,top,C13,,,C_0402_1005Metric,100n,smt
-18.2,19.01,180.0,top,C15,,,C_0402_1005Metric,100n,smt
-14.4,16.16,-90.0,top,C16,,,C_0402_1005Metric,100n,smt
-9.8,28.135,90.0,top,C17,,,C_0402_1005Metric,100n,smt
-8.5,15.81,-90.0,top,C18,,,C_0402_1005Metric,100n,smt
-5.1,26.11,90.0,top,C19,,,C_0402_1005Metric,100n,smt
-0.7,2.81,-90.0,top,C2,,,C_0805_2012Metric,22uF,smt
-14.0,28.11,90.0,top,C20,,,C_0402_1005Metric,100n,smt
-3.2,19.735,0.0,top,C21,,,C_0402_1005Metric,100n,smt
-3.2,22.335,0.0,top,C22,,,C_0402_1005Metric,4.7u,smt
-11.0,15.31,-90.0,top,C23,,,C_0402_1005Metric,100n,smt
-10.9,28.135,90.0,top,C24,,,C_0402_1005Metric,100n,smt
-39.9,17.26,-90.0,top,C25,,,C_0402_1005Metric,100n,smt
-15.9,23.51,90.0,top,C26,,,C_0402_1005Metric,4.7u,smt
-15.6,26.035,180.0,top,C27,,,C_0402_1005Metric,4.7u,smt
-14.9,23.51,90.0,top,C28,,,C_0402_1005Metric,4.7u,smt
-1.1,19.335,-90.0,top,C29,,,C_0402_1005Metric,15p,smt
-12.4,-0.44,90.0,top,C3,,,C_0603_1608Metric,10uF,smt
-1.1,21.735,90.0,top,C30,,,C_0402_1005Metric,15p,smt
-38.45,16.71,-90.0,top,C31,,,C_0603_1608Metric,10uF,smt
-37.8,3.81,180.0,top,C32,,,C_0603_1608Metric,10uF,smt
-11.1,8.81,0.0,top,C33,,,C_0402_1005Metric,100n,smt
-7.6,9.51,-90.0,top,C34,,,C_0402_1005Metric,100n,smt
-40.0,37.21,-90.0,top,C35,,,CP_Elec_6.3x7.7,100uF,smt
-29.0,38.81,-90.0,top,C36,,,C_0603_1608Metric,0.22uF,smt
-23.2,37.01,-90.0,top,C37,,,CP_Elec_6.3x7.7,100uF,smt
-12.4,38.91,-90.0,top,C38,,,C_0603_1608Metric,0.22uF,smt
-6.8,37.01,-90.0,top,C39,,,CP_Elec_6.3x7.7,100uF,smt
-14.5375,2.21,180.0,top,C4,,,C_0402_1005Metric,100n,smt
4.1,38.91,-90.0,top,C40,,,C_0603_1608Metric,0.22uF,smt
9.9,36.91,-90.0,top,C41,,,CP_Elec_6.3x7.7,100uF,smt
20.9,38.91,-90.0,top,C42,,,C_0603_1608Metric,0.22uF,smt
-23.05,16.06,-90.0,top,C43,,,C_0402_1005Metric,100n,smt
14.9,1.26,-90.0,top,C5,,,C_0402_1005Metric,100n,smt
7.785,3.11,-90.0,top,C6,,,C_0603_1608Metric,10uF,smt
5.885,3.11,-90.0,top,C7,,,C_0603_1608Metric,10uF,smt
9.485,2.91,-90.0,top,C8,,,C_0402_1005Metric,100n,smt
9.5,9.71,-90.0,top,C9,,,C_0805_2012Metric,22uF,smt
-44.7625,-5.89,0.0,top,D1,,,LED_0805_2012Metric,KT-0805G,smt
-44.5,8.01,-90.0,top,D10,,,LED_0603_1608Metric,KT-0603R,smt
-35.5,23.61,90.0,top,D11,,,LED_0805_2012Metric,KT-0805G,smt
-17.1,-6.39,180.0,top,D2,,,D_0402_1005Metric,GG0402126R042P,smt
-44.7625,-8.39,0.0,top,D3,,,LED_0805_2012Metric,KT-0805G,smt
6.7,19.71,90.0,top,D4,,,LED_0603_1608Metric,KT-0603W,smt
8.7,19.71,90.0,top,D5,,,LED_0603_1608Metric,KT-0603W,smt
10.7,19.71,90.0,top,D6,,,LED_0603_1608Metric,KT-0603W,smt
12.7,19.71,90.0,top,D7,,,LED_0603_1608Metric,KT-0603W,smt
-44.7625,-10.89,0.0,top,D8,,,LED_0805_2012Metric,KT-0805G,smt
-44.5,13.94,-90.0,top,D9,,,LED_0603_1608Metric,KT-0603R,smt
-10.2,-16.6351,0.0,top,F1,,,LittleFuse_01530007Z,01530007Z,tht
19.3,6.21,-90.0,top,F2,F0603SB5000V032TM,,Fuse_0603_1608Metric,S0603-S-5.0A,smt
-29.9,3.76,180.0,top,F3,F0603SB5000V032TM,,Fuse_0603_1608Metric,0467001.NRHF,smt
-33.8,3.81,0.0,top,F4,F0603SB5000V032TM,,Fuse_0603_1608Metric,0467001.NRHF,smt
-23.95,-4.0,180.0,top,J1,,,AMASS_XT60PW-M_1x02_P7.20mm_Horizontal,XT60-PW-M,tht
-18.5,47.61,180.0,top,J10,,,JST_SH_BM06B-SRSS-TB_1x06-1MP_P1.00mm_Vertical,BM06B-SRSS-TB,smt
-1.9,47.61,180.0,top,J11,,,JST_SH_BM06B-SRSS-TB_1x06-1MP_P1.00mm_Vertical,BM06B-SRSS-TB,smt
14.8,47.61,180.0,top,J12,,,JST_SH_BM06B-SRSS-TB_1x06-1MP_P1.00mm_Vertical,BM06B-SRSS-TB,smt
26.1,-2.99,90.0,top,J2,,,AMASS_XT30U-M_1x02_P5.0mm_Vertical,XT30-U-M,tht
10.7,-4.0,180.0,top,J3,,,AMASS_XT60PW-M_1x02_P7.20mm_Horizontal,XT60-PW-M,tht
26.375,11.51,90.0,top,J4,,,JST_SH_BM04B-SRSS-TB_1x04-1MP_P1.00mm_Vertical,BM04B-SRSS-TB,smt
26.4,19.01,90.0,top,J5,,,JST_SH_BM03B-SRSS-TB_1x03-1MP_P1.00mm_Vertical,BM03B-SRSS-TB,smt
26.4,26.41,90.0,top,J6,,,JST_SH_BM03B-SRSS-TB_1x03-1MP_P1.00mm_Vertical,BM03B-SRSS-TB,smt
-46.59,23.61,-90.0,top,J8,,,USB_C_Receptacle_GCT_USB4105-xx-A_16P_TopMnt_Horizontal,TYPE-C16PIN,smt
-35.2,47.61,180.0,top,J9,,,JST_SH_BM06B-SRSS-TB_1x06-1MP_P1.00mm_Vertical,BM06B-SRSS-TB,smt
14.55,7.71,0.0,top,L1,SRP5030T-3R3M,,L_Bourns_SRP5030T,SRP5030T-3R3M,smt
-17.5,23.535,-90.0,top,L2,,,L_0806,AOTA-B201610S3R3-101-T,smt
-5.98,0.35,90.0,top,Q1,,,TO-252-2,40P30,smt
-37.3,-14.69,-90.0,top,R1,,,R_0402_1005Metric,10k,smt
12.0,22.81,90.0,top,R10,,,R_0402_1005Metric,1k,smt
13.1,22.81,90.0,top,R11,,,R_0402_1005Metric,1k,smt
14.2,22.81,90.0,top,R12,,,R_0402_1005Metric,1k,smt
-39.7,-0.98,90.0,top,R13,,,R_0402_1005Metric,1k,smt
-23.3,27.01,180.0,top,R14,,,R_0603_1608Metric,300k,smt
-23.3,25.31,0.0,top,R15,,,R_0603_1608Metric,100k,smt
-48.6,17.36,180.0,top,R16,,,R_0402_1005Metric,1k,smt
-42.3,-0.98,90.0,top,R2,,,R_0402_1005Metric,4.7k,smt
-18.2,20.135,0.0,top,R20,,,R_0402_1005Metric,27,smt
-18.2,21.235,0.0,top,R21,,,R_0402_1005Metric,27,smt
-15.6,27.235,0.0,top,R22,,,R_0402_1005Metric,33,smt
-3.15,21.135,0.0,top,R24,,,R_0402_1005Metric,1k,smt
-48.4,4.51,180.0,top,R25,,,R_0402_1005Metric,1k,smt
-44.2,29.61,0.0,top,R26,,,R_0402_1005Metric,5.1k,smt
-44.2,30.81,0.0,top,R27,,,R_0402_1005Metric,5.1k,smt
-35.5,26.02,180.0,top,R28,,,R_0402_1005Metric,1k,smt
15.3,16.61,-90.0,top,R29,,,R_0402_1005Metric,4.7k,smt
-14.5375,-3.14,180.0,top,R3,,,R_0402_1005Metric,22,smt
15.3,20.61,90.0,top,R30,,,R_0402_1005Metric,4.7k,smt
-28.7,33.91,0.0,top,R31,,,R_0402_1005Metric,200k,smt
-28.7,35.21,180.0,top,R32,,,R_0402_1005Metric,50k,smt
-33.6,42.91,90.0,top,R33,,,R_0805_2012Metric,RL10FTNR100,smt
-12.2,33.935,0.0,top,R34,,,R_0402_1005Metric,200k,smt
-12.2,35.21,180.0,top,R35,,,R_0402_1005Metric,50k,smt
-16.9,42.91,90.0,top,R36,,,R_0805_2012Metric,RL10FTNR100,smt
4.3,33.91,0.0,top,R37,,,R_0402_1005Metric,200k,smt
4.3,35.21,180.0,top,R38,,,R_0402_1005Metric,50k,smt
-0.5,42.91,90.0,top,R39,,,R_0805_2012Metric,RL10FTNR100,smt
-14.5375,3.36,180.0,top,R4,,,R_0402_1005Metric,10k,smt
21.0,33.885,0.0,top,R40,,,R_0402_1005Metric,200k,smt
21.0,35.11,180.0,top,R41,,,R_0402_1005Metric,50k,smt
16.2,42.91,90.0,top,R42,,,R_0805_2012Metric,RL10FTNR100,smt
-41.0,-0.98,90.0,top,R5,,,R_0402_1005Metric,1k,smt
17.3,-1.79,0.0,top,R6,,,R_0402_1005Metric,10k,smt
17.3,-2.99,0.0,top,R7,,,R_0402_1005Metric,54.9k,smt
17.3,-4.29,180.0,top,R8,,,R_0402_1005Metric,10k,smt
10.9,22.81,-90.0,top,R9,,,R_0402_1005Metric,1k,smt
-43.0,-16.79,0.0,top,SW1,,,5.8_ZSGT,5.8 ZSGT,tht
-47.8,13.91,90.0,top,SW2,,,SW_Push_1P1T_NO_CK_KMR2,KMR2,smt
-47.8,8.01,90.0,top,SW3,,,SW_Push_1P1T_NO_CK_KMR2,KMR2,smt
18.8,-12.39,0.0,top,TP1,,,TestPoint_Keystone_5000-5004_Miniature,5001,tht
22.8,-18.39,0.0,top,TP2,,,TestPoint_Keystone_5000-5004_Miniature,5001,tht
22.8,-12.39,0.0,top,TP3,,,TestPoint_Keystone_5000-5004_Miniature,5001,tht
18.8,20.61,0.0,top,TP4,,,TestPoint_Keystone_5000-5004_Miniature,5001,tht
18.8,16.61,0.0,top,TP5,,,TestPoint_Keystone_5000-5004_Miniature,5001,tht
26.8,-12.39,0.0,top,TP6,,,TestPoint_Keystone_5000-5004_Miniature,5001,tht
-15.6375,-0.24,180.0,top,U1,,,SOT-23-5,MCP1415,smt
0.1,37.11,90.0,top,U10,,,SOIC-8-1EP_3.9x4.9mm_P1.27mm_EP2.41x3.3mm_ThermalVias,A4950E,smt
16.8,37.11,90.0,top,U11,,,SOIC-8-1EP_3.9x4.9mm_P1.27mm_EP2.41x3.3mm_ThermalVias,A4950E,smt
-19.5,12.81,90.0,top,U12,,,SOIC-8_5.23x5.23mm_P1.27mm,W25Q128JVS,smt
12.285,2.46,-90.0,top,U2,,,SOT-23-6,TPS565208,smt
-27.9,9.36,0.0,top,U3,NCP1117ST33T3G,,SOT-223,NCP1117ST33T3G,smt
-36.6,20.01,0.0,top,U4,,,SOT-23-6,USBLC6-2SC6,smt
-10.2,21.51,90.0,top,U5,,,QFN-60-1EP_7x7mm_P0.4mm_EP3.4x3.4mm_ThermalVias,RP2350A,smt
-35.8,9.41,180.0,top,U6,NCP1117ST33T3G,,SOT-223,NCP1117ST33T3G,smt
-10.2,11.1,0.0,top,U7,,,LGA-14_3x2.5mm_P0.5mm_LayoutBorder3x4y,LSM6DSM,smt
-33.0,37.135,90.0,top,U8,,,SOIC-8-1EP_3.9x4.9mm_P1.27mm_EP2.41x3.3mm_ThermalVias,A4950E,smt
-16.305,37.135,90.0,top,U9,,,SOIC-8-1EP_3.9x4.9mm_P1.27mm_EP2.41x3.3mm_ThermalVias,A4950E,smt
1.45,20.535,90.0,top,Y1,,,Crystal_SMD_Abracon_ABM8G-4Pin_3.2x2.5mm,ABM8-272-T3,smt
