﻿Designator,Quantity,Value,Footprint,Package,MPN,DNP,Mount_Type,Description,Category,Family,DK_Datasheet_Link,DK_Detail_Page,Manufacturer,Status
"C1, C10, C2, C9",4,22uF,C_0805_2012Metric,,,,smt,"Unpolarized capacitor, small symbol",,,,,,
"C11, C12, C3, C31, C32, C6, C7",7,10uF,C_0603_1608Metric,,,,smt,"Unpolarized capacitor, small symbol",,,,,,
"C13, C15, C16, C17, C18, C19, C20, C21, C23, C24, C25, C33, C34, C4, C43, C5, C8",17,100n,C_0402_1005Metric,,,,smt,"Unpolarized capacitor, small symbol",,,,,,
"C22, C26, C27, C28",4,4.7u,C_0402_1005Metric,,,,smt,"Unpolarized capacitor, small symbol",,,,,,
"C29, C30",2,15p,C_0402_1005Metric,,,,smt,"Unpolarized capacitor, small symbol",,,,,,
"C35, C37, C39, C41",4,100uF,CP_Elec_6.3x7.7,,,,smt,"Polarized capacitor, US symbol",,,,,,
"C36, C38, C40, C42",4,0.22uF,C_0603_1608Metric,,,,smt,"Unpolarized capacitor, small symbol",,,,,,
"D1, D11, D3, D8",4,KT-0805G,LED_0805_2012Metric,,,,smt,"Light emitting diode, small symbol",,,,,,
"D10, D9",2,KT-0603R,LED_0603_1608Metric,,,,smt,"Light emitting diode, small symbol",,,,,,
D2,1,GG0402126R042P,D_0402_1005Metric,,,,smt,"Zener diode, small symbol",,,,,,
"D4, D5, D6, D7",4,KT-0603W,LED_0603_1608Metric,,,,smt,"Light emitting diode, small symbol",,,,,,
F1,1,01530007Z,LittleFuse_01530007Z,,,,tht,"Fuse, small symbol",,,,,,
F2,1,S0603-S-5.0A,Fuse_0603_1608Metric,,F0603SB5000V032TM,,smt,"Fuse, small symbol",,,,,,
"F3, F4",2,0467001.NRHF,Fuse_0603_1608Metric,,F0603SB5000V032TM,,smt,"Fuse, small symbol",,,,,,
"J1, J3",2,XT60-PW-M,AMASS_XT60PW-M_1x02_P7.20mm_Horizontal,,,,tht,"Generic connector, single row, 01x02, script generated (kicad-library-utils/schlib/autogen/connector/)",,,,,,
"J10, J11, J12, J9",4,BM06B-SRSS-TB,JST_SH_BM06B-SRSS-TB_1x06-1MP_P1.00mm_Vertical,,,,smt,"Generic connectable mounting pin connector, single row, 01x06, script generated (kicad-library-utils/schlib/autogen/connector/)",,,,,,
J2,1,XT30-U-M,AMASS_XT30U-M_1x02_P5.0mm_Vertical,,,,tht,"Generic connector, single row, 01x02, script generated (kicad-library-utils/schlib/autogen/connector/)",,,,,,
J4,1,BM04B-SRSS-TB,JST_SH_BM04B-SRSS-TB_1x04-1MP_P1.00mm_Vertical,,,,smt,"Generic connectable mounting pin connector, single row, 01x04, script generated (kicad-library-utils/schlib/autogen/connector/)",,,,,,
"J5, J6",2,BM03B-SRSS-TB,JST_SH_BM03B-SRSS-TB_1x03-1MP_P1.00mm_Vertical,,,,smt,"Generic connectable mounting pin connector, single row, 01x03, script generated (kicad-library-utils/schlib/autogen/connector/)",,,,,,
J8,1,TYPE-C16PIN,USB_C_Receptacle_GCT_USB4105-xx-A_16P_TopMnt_Horizontal,,,,smt,USB 2.0-only 16P Type-C Receptacle connector,,,,,,
L1,1,SRP5030T-3R3M,L_Bourns_SRP5030T,,SRP5030T-3R3M,,smt,"Inductor, small symbol",,,,,,
L2,1,AOTA-B201610S3R3-101-T,L_0806,,,,smt,"Inductor, small symbol",,,,,,
Q1,1,40P30,TO-252-2,,,,smt,"P-MOSFET transistor, gate/drain/source",,,,,,
"R1, R4, R6, R8",4,10k,R_0402_1005Metric,,,,smt,"Resistor, small US symbol",,,,,,
"R10, R11, R12, R13, R16, R24, R25, R28, R5, R9",10,1k,R_0402_1005Metric,,,,smt,"Resistor, small US symbol",,,,,,
R14,1,300k,R_0603_1608Metric,,,,smt,"Resistor, small US symbol",,,,,,
R15,1,100k,R_0603_1608Metric,,,,smt,"Resistor, small US symbol",,,,,,
"R2, R29, R30",3,4.7k,R_0402_1005Metric,,,,smt,"Resistor, small US symbol",,,,,,
"R20, R21",2,27,R_0402_1005Metric,,,,smt,"Resistor, small US symbol",,,,,,
R22,1,33,R_0402_1005Metric,,,,smt,"Resistor, small US symbol",,,,,,
"R26, R27",2,5.1k,R_0402_1005Metric,,,,smt,"Resistor, small US symbol",,,,,,
R3,1,22,R_0402_1005Metric,,,,smt,"Resistor, small US symbol",,,,,,
"R31, R34, R37, R40",4,200k,R_0402_1005Metric,,,,smt,"Resistor, small US symbol",,,,,,
"R32, R35, R38, R41",4,50k,R_0402_1005Metric,,,,smt,"Resistor, small US symbol",,,,,,
"R33, R36, R39, R42",4,RL10FTNR100,R_0805_2012Metric,,,,smt,"Resistor, small US symbol",,,,,,
R7,1,54.9k,R_0402_1005Metric,,,,smt,"Resistor, small US symbol",,,,,,
SW1,1,5.8 ZSGT,5.8_ZSGT,,,,tht,,,,,,,
"SW2, SW3",2,KMR2,SW_Push_1P1T_NO_CK_KMR2,,,,smt,"Push button switch, generic, two pins",,,,,,
"TP1, TP2, TP3, TP4, TP5, TP6",6,5001,TestPoint_Keystone_5000-5004_Miniature,,,,tht,test point,,,,,,
U1,1,MCP1415,SOT-23-5,,,,smt,"1.5A High speed power MOSFET driver with inverting output, SOT-23-5",,,,,,
"U10, U11, U8, U9",4,A4950E,SOIC-8-1EP_3.9x4.9mm_P1.27mm_EP2.41x3.3mm_ThermalVias,,,,smt,"Full-Bridge, DMOS PWM, Motor Driver, 40V, 3.5A, -40 to +85C",,,,,,
U12,1,W25Q128JVS,SOIC-8_5.23x5.23mm_P1.27mm,,,,smt,"128Mb Serial Flash Memory, Standard/Dual/Quad SPI, SOIC-8",,,,,,
U2,1,TPS565208,SOT-23-6,,,,smt,"5A Synchronous Step-Down Voltage Regulator, Adjustable Output Voltage, 4.5-17V Input Voltage, SOT-23-6",,,,,,
"U3, U6",2,NCP1117ST33T3G,SOT-223,,NCP1117ST33T3G,,smt,IC REG LINEAR 3.3V 1A SOT223,Integrated Circuits (ICs),PMIC - Voltage Regulators - Linear,https://www.onsemi.com/pub/Collateral/NCP1117-D.PDF,/product-detail/en/on-semiconductor/NCP1117ST33T3G/NCP1117ST33T3GOSCT-ND/660708,ON Semiconductor,Active
U4,1,USBLC6-2SC6,SOT-23-6,,,,smt,"Very low capacitance ESD protection diode, 2 data-line, SOT-23-6",,,,,,
U5,1,RP2350A,QFN-60-1EP_7x7mm_P0.4mm_EP3.4x3.4mm_ThermalVias,,,,smt,A dual-architecture microcontroller by Raspberry Pi,,,,,,
U7,1,LSM6DSM,LGA-14_3x2.5mm_P0.5mm_LayoutBorder3x4y,,,,smt,"I2C/SPI, iNEMO inertial module: always-on 3D accelerometer and 3D gyroscope, with auxiliary SPI, 1.71V to 3.6V VCC",,,,,,
Y1,1,ABM8-272-T3,Crystal_SMD_Abracon_ABM8G-4Pin_3.2x2.5mm,,,,smt,"Four pin crystal, GND on pins 2 and 4",,,,,,
